{"cameraMode":{"drawMode":0,"name":"Shaded","section":"Shading Mode"},"sceneLighting":false,"audioPlay":false,"sceneViewState":{"m_AlwaysRefresh":false,"showFog":true,"showSkybox":false,"showFlares":true,"showImageEffects":true,"showParticleSystems":true,"showVisualEffectGraphs":true,"m_FxEnabled":true},"in2DMode":false,"pivot":{"x":-149.59019470214845,"y":1115.9285888671875,"z":-1161.8104248046875},"rotation":{"x":-0.0946209579706192,"y":0.8719915151596069,"z":-0.20532073080539704,"w":-0.43661436438560488},"size":1.2292914390563965,"orthographic":false}